<?xml version="1.0" encoding="UTF-8"?>
<project-private xmlns="http://www.netbeans.org/ns/project-private/1">
    <editor-bookmarks xmlns="http://www.netbeans.org/ns/editor-bookmarks/2" lastBookmarkId="0"/>
    <open-files xmlns="http://www.netbeans.org/ns/projectui-open-files/2">
        <group>
            <file>file:/C:/Users/varvi/Desktop/html/new/hopitalportalweb/web/bookAppointment.html</file>
            <file>file:/C:/Users/varvi/Desktop/html/new/hopitalportalweb/web/main.html</file>
            <file>file:/C:/Users/varvi/Desktop/html/new/hopitalportalweb/web/t1.jsp</file>
            <file>file:/C:/Users/varvi/Desktop/html/new/hopitalportalweb/web/index.html</file>
            <file>file:/C:/Users/varvi/Desktop/html/new/hopitalportalweb/web/login.html</file>
            <file>file:/C:/Users/varvi/Desktop/html/new/hopitalportalweb/web/registration.html</file>
            <file>file:/C:/Users/varvi/Desktop/html/new/hopitalportalweb/web/bookAppointment.css</file>
            <file>file:/C:/Users/varvi/Desktop/html/new/hopitalportalweb/src/java/login1.java</file>
            <file>file:/C:/Users/varvi/Desktop/html/new/hopitalportalweb/src/java/loginservelet.java</file>
            <file>file:/C:/Users/varvi/Desktop/html/new/hopitalportalweb/web/home.jsp</file>
            <file>file:/C:/Users/varvi/Desktop/html/new/hopitalportalweb/web/newjsp.jsp</file>
            <file>file:/C:/Users/varvi/Desktop/html/new/hopitalportalweb/web/WEB-INF/web.xml</file>
            <file>file:/C:/Users/varvi/Desktop/html/new/hopitalportalweb/web/testservice.jsp</file>
            <file>file:/C:/Users/varvi/Desktop/html/new/hopitalportalweb/web/registrationDoctor.html</file>
            <file>file:/C:/Users/varvi/Desktop/html/new/hopitalportalweb/src/java/client.java</file>
            <file>file:/C:/Users/varvi/Desktop/html/new/hopitalportalweb/src/java/serv2.java</file>
            <file>file:/C:/Users/varvi/Desktop/html/new/hopitalportalweb/web/login.css</file>
        </group>
    </open-files>
</project-private>
